{"cameraMode":{"drawMode":0,"name":"Shaded","section":"Shading Mode"},"sceneLighting":true,"audioPlay":false,"sceneViewState":{"showFog":true,"showMaterialUpdate":false,"showSkybox":true,"showFlares":true,"showImageEffects":true,"showParticleSystems":true},"in2DMode":false,"pivot":{"x":-9.2100830078125,"y":1.3289356231689454,"z":12.780614852905274},"rotation":{"x":-0.2622963488101959,"y":0.5002870559692383,"z":-0.16218847036361695,"w":-0.8090797662734985},"size":11.561108589172364,"orthographic":false}